k,best_epoch_mean,best_val_macro_f1_mean,best_val_macro_f1_std,test_accuracy_mean,test_accuracy_std,test_macro_f1_mean,test_macro_f1_std,test_auc_mean,test_auc_std
1,23.3,0.38802485383808305,0.06832968296547857,0.3736842105263158,0.09017612123436068,0.3275339498970985,0.05337568734317854,0.5609202368512713,0.05427858607431723
2,16.8,0.4177999200375856,0.08935780697254492,0.3694736842105263,0.07516474160828544,0.32934694493607114,0.05660251721225449,0.5584287294855246,0.0665226746208703
4,41.2,0.5284934843963651,0.11956472603501958,0.5463157894736842,0.08572469121497459,0.5012061792781911,0.09445342369804964,0.7237704069088451,0.07340762449226254
8,36.6,0.48735724227879074,0.07860096665740283,0.4810526315789474,0.09648165821762333,0.44627110233858136,0.10080124338397968,0.6683447456307496,0.09407331120962054
16,33.1,0.5993373074192224,0.09916216349057175,0.5947368421052632,0.06951443072336472,0.5572640001429158,0.09033727885964109,0.7939369813756223,0.06564814276308299
32,35.1,0.676532466637161,0.09740423594889683,0.6389473684210526,0.11805857454543313,0.631857483460122,0.12240746938097766,0.8315320445837686,0.08374532047049078
