k,best_epoch_mean,best_val_macro_f1_mean,best_val_macro_f1_std,test_accuracy_mean,test_accuracy_std,test_macro_f1_mean,test_macro_f1_std,test_auc_mean,test_auc_std
1,31.7,0.4723452918609671,0.09865397300082565,0.48,0.0808084725360549,0.4326558678815992,0.07957378611422675,0.669602229188436,0.08749569210786363
2,29.2,0.5426962040602834,0.14886000086938378,0.5305263157894736,0.13780140585132436,0.5143856564818995,0.1360301789444374,0.7188768158255987,0.13084759350499645
4,37.6,0.6373185931524785,0.14196285330837927,0.6126315789473684,0.12697682782521877,0.5965122456902703,0.14407974035416637,0.8030951144303071,0.09933647455982292
8,32.3,0.7099478659084762,0.05041131147395445,0.6768421052631579,0.04002153929153366,0.6655350292079699,0.043270763415770935,0.8476757432335527,0.025401578131053957
16,23.5,0.762941705059165,0.024306151835459786,0.7294736842105263,0.05504412175795569,0.7292251465009162,0.05342791086153187,0.878630355276907,0.02972089785439165
32,32.5,0.7900017692972721,0.02815187684359907,0.7442105263157895,0.03648110520861761,0.7487286881494433,0.038238013352647926,0.8967701507980413,0.015492430767607764
