k,best_epoch_mean,best_val_macro_f1_mean,best_val_macro_f1_std,test_accuracy_mean,test_accuracy_std,test_macro_f1_mean,test_macro_f1_std,test_auc_mean,test_auc_std
1,19.4,0.4157064427232841,0.07093021845573629,0.4094736842105263,0.09302547829593981,0.35918890961223543,0.08945650299833068,0.5843129571577848,0.07951978826475435
2,19.0,0.4200401519790356,0.07856695186787985,0.3821052631578947,0.09336894189481365,0.33355037829513323,0.08583646456017487,0.600250343188477,0.0933951407410097
4,24.2,0.5610907683964081,0.05164625334334174,0.5294736842105263,0.10314237859201698,0.4911546562674225,0.08792519476998101,0.7297428237752781,0.054108584748378076
8,35.3,0.6248276282705355,0.06720664342224465,0.6073684210526316,0.055711078097967166,0.5896192230256523,0.06667203950043907,0.7907185342266478,0.05545292910501222
16,30.3,0.7162149950078626,0.044688517174132344,0.6957894736842105,0.06591450108098133,0.6826015954206228,0.0663678032636848,0.8461127911979839,0.037890425870155994
32,26.9,0.7831723827834993,0.033394411690530694,0.7431578947368421,0.033361022663872864,0.7350952292102703,0.03741589708427877,0.8869236175138813,0.01994683884411745
